Name,Band,Max Sigma
ESSENCEn263,NUV,12.05342891
SDSS-II SN 16199,NUV,3.871868838
SDSS-II SN 19778,FUV,8.495714838
SDSS-II SN 19778,NUV,11.41158436
SDSS-II SN 3402,NUV,3.608945963
SN2007on,NUV,84.28122303
SN2010ai,NUV,13.55137848
