Name,Band,Max Sigma
ESSENCEn263,NUV,11.726811383826274
SDSS-II SN 16199,NUV,3.8388552618785208
SDSS-II SN 19778,FUV,8.490561097346614
SDSS-II SN 19778,NUV,9.959425544180775
SDSS-II SN 3402,NUV,3.6089459626438996
SDSS-II SN 5890,NUV,3.798818303177338
SDSS-II SN 779,FUV,5.3319358373082935
SN2007on,NUV,84.28122303021367
SN2009gf,NUV,7.153103368096447
SN2010ai,NUV,13.551378481449934
