Name,Band,Max Sigma
ESSENCEn263,NUV,12.053428911837742
SDSS-II SN 16199,NUV,3.8718688379978317
SDSS-II SN 18647,NUV,42.02090886657999
SDSS-II SN 19778,FUV,8.495714838181865
SDSS-II SN 19778,NUV,11.411584364546808
SDSS-II SN 3402,NUV,3.6089459626438996
SDSS-II SN 5890,NUV,3.798818303177338
SDSS-II SN 779,FUV,5.847708523720691
SN2007on,NUV,84.28122303021367
SN2008hv,NUV,5.176710129113873
SN2009gf,NUV,7.153103368096447
SN2010ai,NUV,13.551378481449934
