Name,Band,Max Sigma,Background,Background Error,Systematic Error
ESSENCEn263,NUV,9.633576371548635,7.947233653502241e-17,6.677205755936518e-18,6.417830868745416e-18
SDSS-II SN 19778,FUV,8.360960101287166,3.3199774760864766e-17,4.6216803314166845e-18,4.617273028345669e-18
SDSS-II SN 19778,NUV,9.300208630882938,3.723951027775163e-17,6.305945651969762e-18,6.124870798700269e-18
SDSS-II SN 779,FUV,6.013173231345993,,,
SN2007jc,FUV,5.019883074280227,,,
SN2007on,NUV,81.24716459567489,4.7436483455126706e-18,8.228129103094298e-18,5.0693391601775126e-18
SN2009gf,NUV,6.59989069286694,,,
SN2010ai,NUV,13.407931398951442,4.376940535642272e-18,4.13776081420444e-18,9.523406251405233e-19
