Name,Band,Max Sigma
ESSENCEn263,NUV,5.119049210107924
SDSS-II SN 18647,NUV,42.02090886657999
SDSS-II SN 19778,FUV,4.871346675320493
SDSS-II SN 19778,NUV,6.658644028644147
SDSS-II SN 3402,NUV,3.6089459626438996
SDSS-II SN 5890,NUV,3.798818303177338
SN2007on,NUV,84.28122303021367
SN2009gf,NUV,7.153103368096447
SN2010ai,NUV,13.551378481449934
