Name,Band,Max Sigma
ESSENCEm043,NUV,4.85583765409625
SDSS-II SN 3402,NUV,3.6089459626438996
SDSS-II SN 5890,NUV,3.798818303177338
SN2005lp,NUV,5.096693875368139
SN2007on,NUV,81.24716459567489
SN2008hv,NUV,5.49782978663263
SN2009gf,NUV,6.572034120478414
SN2010ai,NUV,13.407931398951442
