Name,Band,Background,Background Error,Systematic Error
SN2007on,FUV,2.971107345576045e+35,3.798496119040843e+36,3.0584022615413533e+35
SN2007on,NUV,2.7013529617577803e+35,2.5767258491140717e+36,2.3093111953895883e+35
